Name,Sex,Country,Date of Birth
"Abdi, Bashir",Men,Belgium,10-Feb-89
"Abdulkadir, Dalila",Women,Bahrain,27-Jun-98
"Abe, Takatoshi",Men,Japan,12-Nov-91
"Abera, Tesfaye",Men,Ethiopia,31-Mar-92
"Abreha, Azmera",Women,Ethiopia,1998
"Adamu, Birtukan",Women,Ethiopia,29-Apr-92
"Adekoya, Oluwakemi",Women,Bahrain,16-Jan-93
"Adola, Guye",Men,Ethiopia,20-Oct-90
"Afanaseva, Klavdiia",Women,Authorised Neutral Athlete,15-Jan-96
"Afework, Abebech",Women,Ethiopia,11-Dec-90
"Afonin, Maksim",Men,Authorised Neutral Athlete,06-Jan-92
"Aga, Ruti",Women,Ethiopia,16-Jan-94
"Agai, Margaret",Women,Kenya,10-Jun-88
"Agnou, Caroline",Women,Switzerland,26-May-96
"Aguilar, Evelis",Women,Colombia,03-Jan-93
"Ahmed, Mohammed",Men,Canada,05-Jan-91
"Ahouanwanou, Odile",Women,Benin,05-Jan-91
"Ahouré, Murielle",Women,Cote D'ivoire,23-Aug-87
"Ahye, Michelle-Lee",Women,Trinidad And Tobago,10-Apr-92
"Aiyabei, Valary Jemeli",Women,Kenya,08-Jun-91
"Ajayi, Yinka",Women,Nigeria,11-Aug-97
"Akinosun, Morolake",Women,United States,17-May-94
"Akkaoui, Malika",Women,Morocco,25-Dec-87
"Al Mandeel, Abdulaziz",Men,Kuwait,22-May-89
"Alamirew, Yenew",Men,Ethiopia,27-May-90
"Alemu, Habitam",Women,Ethiopia,09-Jul-97
"Ali, Nia",Women,United States,23-Oct-88
"Alic, Hamza",Men,Bosnia-Herzegovina,20-Jan-79
"Alkana, Antonio",Men,South Africa,12-Apr-90
"Allen, Devon",Men,United States,12-Dec-94
"Allen, Nathon",Men,Jamaica,28-Oct-95
"Allman, Valarie",Women,United States,23-Feb-95
"Almanza, Rose Mary",Women,Cuba,13-Jul-92
"Amankwah, Alex",Men,Ghana,02-Mar-92
"Amare, Hailemariyam",Men,Ethiopia,22-Feb-97
"Amezcua, Alberto",Men,Spain,10-May-92
"Amlosom, Nguse",Men,Eritrea,10-Nov-86
"Amos, Nijel",Men,Botswana,15-Mar-94
"Amusan, Tobi",Women,Nigeria,23-Apr-97
"Anagnostopoúlou, Hrisóula",Women,Greece,27-Aug-91
"Anang, Naa",Women,Australia,10-Mar-95
"Anastasákis, Mihaíl",Men,Greece,03-Dec-94
"Anderson, Alexandria",Women,United States,28-Jan-87
"Ando, Yuka",Women,Japan,16-Mar-94
"Aouad, Zouhair",Men,Bahrain,07-Apr-89
"Apak, Esref",Men,Turkey,03-Jan-82
"Arafi, Rababe",Women,Morocco,12-Jan-91
"Arai, Hirooki",Men,Japan,18-May-88
"Arcanjo, Geisa",Women,Brazil,19-Sep-91
"Arenas, Sandra",Women,Colombia,17-Sep-93
"Arévalo, Eider",Men,Colombia,09-Mar-93
"Arita, Stephen Omiso",Men,Kenya,26-Jun-88
"Arnaudov, Tsanko",Men,Portugal,14-Mar-92
"Arndt, Mareike",Women,Germany,29-Jan-92
"Arrhenius, Niklas",Men,Sweden,10-Sep-82
"Arroyo, Andrés",Men,Puerto Rico,07-Jun-95
"Art, Arnaud",Men,Belgium,28-Jan-93
"Asefa, Sutume",Women,Ethiopia,11-Dec-94
"Asher-Smith, Dina",Women,Great Britain & N.I.,04-Dec-95
"Ashley, Whitney",Women,United States,18-Feb-89
"Assani Issouf, Jeanine",Women,France,17-Aug-92
"Assefa, Meskerem",Women,Ethiopia,20-Sep-85
"Assefa, Sofia",Women,Ethiopia,14-Nov-87
"Atnafu, Yitayal",Men,Ethiopia,20-Jan-93
"Augusto, Jessica",Women,Portugal,08-Nov-81
"Augustyn, Rafał",Men,Poland,14-May-84
"Ayana, Almaz",Women,Ethiopia,21-Nov-91
"Ayele, Abayneh",Men,Ethiopia,04-Nov-87
"Babayev, Nazim",Men,Azerbaijan,08-Oct-97
"Bacon, Jaylen",Men,United States,05-Aug-96
"Bahta, Meraf",Women,Sweden,24-Jun-89
"Bailey, Ramone",Men,Jamaica,31-Oct-91
"Baji, Balázs",Men,Hungary,09-Jun-89
"Baker, Ronnie",Men,United States,15-Oct-93
"Bakharev, Viktor",Men,Russia,05-May-94
"Bakulin, Sergey",Men,Russia,13-Nov-86
"Balew, Birhanu",Men,Bahrain,27-Feb-96
"Balner, Michal",Men,Czech Republic,12-Sep-82
"Baloyes, Bernardo",Men,Colombia,06-Jan-94
"Baltaci, Özkan",Men,Turkey,13-Feb-94
"Banzeruk, Ivan",Men,Ukraine,09-Feb-90
"Baptiste, Kelly-Ann",Women,Trinidad And Tobago,14-Oct-86
"Barber, Shawnacy",Men,Canada,27-May-94
"Barega, Selemon",Men,Ethiopia,20-Jan-00
"Bareisha, Pavel",Men,Belarus,16-Feb-91
"Barkach, Alfred Chelal",Men,Kenya,02-Mar-97
"Barnett, Tarasue",Women,Jamaica,09-Oct-93
"Barr, Thomas",Men,Ireland,24-Jul-92
"Barshim, Mutaz Essa",Men,Qatar,24-Jun-91
"Barsoton, Leonard Kiplimo",Men,Kenya,21-Oct-94
"Bartoletta, Tianna",Women,United States,30-Aug-85
"Bayer, Andrew",Men,United States,03-Feb-90
"Beard, Jessica",Women,United States,08-Jan-89
"Bednarek, Sylwester",Men,Poland,28-Apr-89
"Beitia, Ruth",Women,Spain,01-Apr-79
"Bekele, Helen",Women,Ethiopia,21-Nov-94
"Bekele, Kenenisa",Men,Ethiopia,13-Jun-82
"Bekele, Tadelech",Women,Ethiopia,11-Apr-91
"Bekele, Telahun Haile",Men,Ethiopia,13-May-99
"Belcher, Christopher",Men,United States,29-Jan-94
"Belete, Mimi",Women,Bahrain,09-Jun-88
"Belihu, Andamlak",Men,Ethiopia,20-Nov-98
"Belle, Tia-Adana",Women,Barbados,15-Jun-96
"Belo, Francisco",Men,Portugal,27-Mar-91
"Benard, Chris",Men,United States,04-Apr-90
"Bengtsson, Angelica",Women,Sweden,08-Jul-93
"Benjamin, Rai",Men,Antigua & Barbuda,27-Jul-97
"Bennett, Chris",Men,Great Britain & N.I.,17-Dec-89
"Beriso, Amane",Women,Ethiopia,13-Oct-91
"Berrabah, Yahya",Men,Morocco,13-Oct-81
"Berry, Gwen",Women,United States,29-Jun-89
"Bett, Kipyegon",Men,Kenya,01-Feb-98
"Bett, Nicholas Kiptonui",Men,Kenya,20-Dec-96
"Bettiche, Amina",Women,Algeria,14-Dec-87
"Beyo, Chala",Men,Ethiopia,18-Jan-96
"Bian, Ka",Women,Pr Of China,05-Jan-93
"Bian, Tongda",Men,Pr Of China,01-Apr-91
"Bigot, Quentin",Men,France,01-Dec-92
"Bingson, Amanda",Women,United States,20-Feb-90
"Bird-Smith, Dane",Men,Australia,15-Jul-92
"Birech, Jairus Kipchoge",Men,Kenya,14-Dec-92
"Birgen, Bethwell",Men,Kenya,06-Aug-88
"Birkinhead, Damien",Men,Australia,08-Apr-93
"Biryukova, Svetlana",Women,Russia,01-Apr-91
"Bishop, Melissa",Women,Canada,05-Aug-88
"Biwott, Robert",Men,Kenya,28-Jan-96
"Blake, Yohan",Men,Jamaica,26-Dec-89
"Blocki, Adrian",Men,Poland,11-Apr-90
"Bloomfield, Akeem",Men,Jamaica,11-Oct-97
"Boekelman, Melissa",Women,Netherlands,11-May-89
"Bolt, Usain",Men,Jamaica,21-Aug-86
"Bondarenko, Bohdan",Men,Ukraine,30-Aug-89
"Bonfim, Caio",Men,Brazil,19-Mar-91
"Bor, Hillary",Men,United States,22-Nov-89
"Borge, Sigrid",Women,Norway,03-Dec-95
"Borlée, Kevin",Men,Belgium,22-Feb-88
"Bosse, Pierre-Ambroise",Men,France,11-May-92
"Bougard, Erica",Women,United States,26-Jul-93
"Bouqantar, Soufiyan",Men,Morocco,30-Aug-93
"Bourrada, Larbi",Men,Algeria,10-May-88
"Bowie, Tori",Women,United States,27-Aug-90
"Bradshaw, Holly",Women,Great Britain & N.I.,02-Nov-91
"Brathwaite, Shane",Men,Barbados,08-Feb-90
"Braun, Pieter",Men,Netherlands,21-Jan-93
"Brazier, Donavan",Men,United States,15-Apr-97
"Brembach, Nils",Men,Germany,23-Feb-93
"Brisco, Mikiah",Women,United States,14-Jul-96
"Brodatskaya, Sofia",Women,Russia,24-Oct-94
"Broersen, Nadine",Women,Netherlands,29-Apr-90
"Brown, Aaliyah",Women,United States,06-Jan-95
"Brown, Aaron",Men,Canada,27-May-92
"Brown, Brittany",Women,United States,18-Apr-95
"Brown, Felicia",Women,United States,27-Oct-93
"Brown, Rodney",Men,United States,21-May-93
"Brugger, Mathias",Men,Germany,06-Aug-92
"Bryant, Ashley",Men,Great Britain & N.I.,17-May-91
"Brzozowski, Artur",Men,Poland,29-Mar-85
"Büchel, Selina",Women,Switzerland,26-Jul-91
"Büchler, Nicole",Women,Switzerland,17-Dec-83
"Bui, Thi Thu Thao",Women,Vietnam,29-Apr-92
"Bukowiecki, Konrad",Men,Poland,17-Mar-97
"Bulo, Shuru",Women,Ethiopia,27-Jun-98
"Burka, Gelete",Women,Ethiopia,23-Jan-86
"Burks, Quanesha",Women,United States,15-Mar-95
"Burrell, Cameron",Men,United States,11-Sep-94
"Burton, Rushelle",Women,Jamaica,04-Dec-97
"Bustamante, Luis",Men,Mexico,10-Jun-84
"Butchart, Andrew",Men,Great Britain & N.I.,14-Oct-91
"Butenko, Victor",Men,Authorised Neutral Athlete,10-Mar-93
"Bychkov, Igor",Men,Spain,07-Mar-87
"Caballero, Denia",Women,Cuba,13-Jan-90
"Cabecinha, Ana",Women,Portugal,29-Apr-84
"Cabral, Johnathan",Men,Canada,31-Dec-92
"Cáceres, Eusebio",Men,Spain,10-Sep-91
"Cachová, Kateřina",Women,Czech Republic,26-Feb-90
"Cadée, Erik",Men,Netherlands,15-Feb-84
"Calvert-Powell, Schillonie",Women,Jamaica,27-Jul-88
"Camacho-Quinn, Jasmine",Women,Puerto Rico,21-Aug-96
"Campbell, Amber",Women,United States,05-Jun-81
"Campbell, Kemoy",Men,Jamaica,14-Jan-91
"Campbell-Brown, Veronica",Women,Jamaica,15-May-82
"Campion, Kevin",Men,France,23-May-88
"Can, Yasemin",Women,Turkey,11-Dec-96
"Cao, Shuo",Men,Pr Of China,08-Oct-91
"Carter, Destiny",Women,United States,09-Oct-92
"Carter, Kori",Women,United States,03-Jun-92
"Carter, Michelle",Women,United States,12-Oct-85
"Casetta, Belén",Women,Argentina,26-Sep-94
"Castlin, Kristi",Women,United States,07-Jul-88
"Cedenio, Machel",Men,Trinidad And Tobago,06-Sep-95
"Centrowitz, Matthew",Men,United States,18-Oct-89
"Chambers, Marcus",Men,United States,03-Nov-94
"Champlin, Steven",Men,United States,16-Feb-96
"Chani, Hassan",Men,Bahrain,05-May-88
"Chapelle, Axel",Men,France,24-Apr-95
"Charlton, Devynne",Women,Bahamas,26-Nov-95
"Chebet, Evans Kiplagat",Men,Kenya,10-Nov-88
"Chebet, Winny",Women,Kenya,20-Dec-90
"Chebii, Daniel Kipchumba",Men,Kenya,24-May-85
"Chebogut, Stephen Kibiwott",Men,Kenya,09-Jan-85
"Chekole, Yeshi Kalayu",Women,Ethiopia,12-Jul-97
"Chelangat, Mercyline",Women,Uganda,17-Dec-97
"Chelangat, Sheila",Women,Kenya,11-Apr-98
"Chelimo, Edith",Women,Kenya,16-Jul-86
"Chelimo, Paul",Men,United States,27-Oct-90
"Chelimo, Rose",Women,Bahrain,12-Jul-89
"Chemutai, Fancy",Women,Kenya,20-Mar-95
"Chemutai, Peruth",Women,Uganda,10-Jul-99
"Chen, Chen",Women,Pr Of China,07-Oct-95
"Chen, Yang",Women,Pr Of China,10-Jul-91
"Cheng, Chao-Tsun",Men,Chinese Taipei,17-Oct-93
"Cheparev, Dementiy",Men,Russia,28-Oct-92
"Chepchirchir, Sarah",Women,Kenya,27-Jul-84
"Chepkemoi, Joan",Women,Kenya,24-Nov-93
"Chepkoech, Beatrice",Women,Kenya,06-Jul-91
"Chepngetich, Ruth",Women,Kenya,08-Aug-94
"Cheptai, Irene Chepet",Women,Kenya,04-Feb-92
"Cheptegei, Joshua Kiprui",Men,Uganda,12-Sep-96
"Cheroben, Abraham Naibei",Men,Bahrain,11-Oct-92
"Cheromei, Lydia",Women,Kenya,11-May-77
"Cherono, Lawrence",Men,Kenya,07-Aug-88
"Cherop, Philemon Rono",Men,Kenya,08-Feb-91
"Cherop, Sam",Men,Uganda,19-Jan-97
"Cherotich, Joyline",Women,Kenya,22-Mar-98
"Cherry, Michael",Men,United States,23-Mar-95
"Cheruiyot, Lucy",Women,Kenya,04-Jan-97
"Cheruiyot, Timothy",Men,Kenya,20-Nov-95
"Cheruiyot, Vivian Jepkemoi",Women,Kenya,11-Sep-83
"Chesir, Rebecca Kangogo",Women,Kenya,1992
"Chespol, Celliphine Chepteek",Women,Kenya,23-Mar-99
"Chocho, Andrés",Men,Ecuador,04-Nov-83
"Choge, Augustine Kiprono",Men,Kenya,21-Jan-87
"Chopra, Neeraj",Men,India,24-Dec-97
"Chumba, Dickson Kiptolo",Men,Kenya,27-Oct-86
"Chumba, Eunice Chebichii",Women,Bahrain,23-May-93
"Cichocka, Angelika",Women,Poland,15-Mar-88
"Cienfuegos, Javier",Men,Spain,15-Jul-90
"Clark, Megan",Women,United States,10-Jun-94
"Clarke, Rosie",Women,Great Britain & N.I.,17-Nov-91
"Claye, Will",Men,United States,13-Jun-91
"Clement, Kerron",Men,United States,31-Oct-85
"Clute, Sydney",Women,United States,15-Nov-93
"Coburn, Emma",Women,United States,19-Oct-90
"Cockrell, Anna",Women,United States,28-Aug-97
"Coleman, Christian",Men,United States,06-Mar-96
"Collins, Kyle",Men,United States,09-Sep-94
"Conley, Kim",Women,United States,14-Mar-86
"Copello, Alexis",Men,Azerbaijan,12-Aug-85
"Copello, Yasmani",Men,Turkey,15-Apr-87
"Costa, Susana",Women,Portugal,22-Sep-84
"Craddock, Omar",Men,United States,26-Apr-91
"Craft, Shanice",Women,Germany,15-May-93
"Cragg, Amy",Women,United States,21-Jan-84
"Cremona, Orazio",Men,South Africa,01-Jul-89
"Crew, Brittany",Women,Canada,06-Mar-94
"Crouser, Ryan",Men,United States,18-Dec-92
"Culson, Javier",Men,Puerto Rico,25-Jul-84
"Cunliffe, Hannah",Women,United States,09-Jan-96
"Cunningham, Logan",Men,United States,30-May-91
"Cunningham, Ricardo",Men,Jamaica,10-Apr-82
"Cunningham, Vashti",Women,United States,18-Jan-98
"Czykier, Damian",Men,Poland,10-Aug-92
Name,Sex,Country,Date of Birth
"da Silva, Tânia",Women,Brazil,17-Dec-86
"da Silva Junior, Aldemir",Men,Brazil,08-Jun-92
"de Morais, Andressa",Women,Brazil,21-Dec-90
"de Sena, Erica",Women,Brazil,03-May-85
"do Nascimento de Melo, Alexsandro",Men,Brazil,26-Sep-95
"do Rosário André, Thiago",Men,Brazil,04-Aug-95
"Daba, Tejitu",Women,Bahrain,20-Aug-91
"Dacres, Fedrick",Men,Jamaica,28-Feb-94
"Dadic, Ivona",Women,Austria,29-Dec-93
"Daniel, Flomena Cheyech",Women,Kenya,05-Jul-82
"Daniels, Teahna",Women,United States,25-Mar-97
"Darien, Garfield",Men,France,22-Dec-87
"Daska, Mamitu",Women,Ethiopia,16-Oct-83
"Davis, Tara",Women,United States,20-May-99
"Day, Christine",Women,Jamaica,23-Aug-86
"Day-Monroe, Sharon",Women,United States,09-Jun-85
"Dazza, El Mahjoub",Men,Morocco,03-Mar-91
"De Grasse, Andre",Men,Canada,10-Nov-94
"De Luca, Marco",Men,Italy,12-May-81
"Debebe, Zinash",Women,Ethiopia,12-Oct-96
"Debela, Dejene",Men,Ethiopia,1995
"Debela, Terefa",Men,Ethiopia,20-Apr-98
"Debjani, Ismael",Men,Belgium,25-Sep-90
"Defar, Meseret",Women,Ethiopia,19-Nov-83
"Degefa, Worknesh",Women,Ethiopia,28-Oct-90
"Del Real, Diego",Men,Mexico,06-Mar-94
"Demelash, Yigrem",Men,Ethiopia,26-Jan-94
"Demireva, Mirela",Women,Bulgaria,28-Sep-89
"Demise, Shure",Women,Ethiopia,21-Jan-96
"Demps, Jeffery",Men,United States,08-Jan-90
"Dendy, Marquis",Men,United States,17-Nov-92
"Dereje, Roza",Women,Ethiopia,
"Deriba, Tesfaye",Men,Ethiopia,11-Sep-98
"Derkach, Dariya",Women,Italy,27-Mar-93
"Diame, Fátima",Women,Spain,22-Sep-96
"Díaz, Andy",Men,Cuba,25-Dec-95
"Díaz, Jordan Alejandro",Men,Cuba,23-Feb-01
"Díaz, José Ignacio",Men,Spain,22-Nov-79
"Dibaba, Berhane",Women,Ethiopia,11-Sep-93
"Dibaba, Genzebe",Women,Ethiopia,08-Feb-91
"Dibaba, Tirunesh",Women,Ethiopia,01-Jun-85
"Dida, Dera",Women,Ethiopia,26-Oct-96
"Ding, Bangchao",Men,Pr Of China,11-Oct-96
"Diniz, Yohann",Men,France,01-Jan-78
"Direh, Djamal Abdi",Men,Djibouti,01-Jan-97
"Diriba, Buze",Women,Ethiopia,09-Feb-94
"Diro, Etenesh",Women,Ethiopia,10-May-91
"Distelberger, Dominik",Men,Austria,16-Mar-90
"Djouhan, Lolassonn",Men,France,18-May-91
"Dohmann, Carl",Men,Germany,18-May-90
"Domingos, Laila",Women,Brazil,30-Jul-82
"Domingos, Wagner",Men,Brazil,26-Mar-83
"Donato, Fabrizio",Men,Italy,14-Aug-76
"Dong, Bin",Men,Pr Of China,22-Nov-88
"Dongmo, Auriole",Women,Cameroon,03-Aug-90
"Dorozhon, Marharyta",Women,Israel,04-Sep-87
"Dos Santos, Jefferson",Men,Brazil,30-Aug-95
"Downing, Quincy",Men,United States,16-Jan-93
"Doyle, Eilidh",Women,Great Britain & N.I.,20-Feb-87
"Duan, Dandan",Women,Pr Of China,23-May-95
"Dubitskaya, Aliona",Women,Belarus,25-Jan-90
"Duncan, Kimberlyn",Women,United States,02-Aug-91
"Dunfee, Evan",Men,Canada,28-Sep-90
"Duplantis, Armand",Men,Sweden,10-Nov-99
"Duranona Garcia, Yordanys",Men,Commonwealth Of Dominica,16-Jun-88
"Dutch, Johnny",Men,United States,20-Jan-89
"Dutkiewicz, Pamela",Women,Germany,28-Sep-91
"Dwyer, Rasheed",Men,Jamaica,29-Jan-89
"Dzindzaletaité, Dovilé",Women,Lithuania,14-Jul-93
"Eaton, Jarret",Men,United States,24-Jun-89
"Ebihara, Yuki",Women,Japan,28-Oct-85
"Echevarría, Juan Miguel",Men,Cuba,11-Aug-98
"Eckhardt, Neele",Women,Germany,02-Jul-92
"Edris, Muktar",Men,Ethiopia,14-Jan-94
"Ekiru, Titus",Men,Kenya,02-Jan-92
"El Aziz, Mustapha",Men,Morocco,24-Dec-85
"Elabbassi, El Hassan",Men,Bahrain,13-Apr-84
"Elbakkali, Soufiane",Men,Morocco,07-Jan-96
"Ellis, Kendall",Women,United States,08-Mar-96
"Elseify, Ashraf Amgad",Men,Qatar,20-Feb-95
"Emmanuel, Crystal",Women,Canada,27-Nov-91
"Enekwechi, Chukwuebuka",Men,Nigeria,28-Jan-93
"Ennaoui, Sofia",Women,Poland,30-Aug-95
"Erupe, Wilson Loyanae",Men,Kenya,20-Nov-88
"Eshete, Shitaye",Women,Bahrain,21-May-90
"Eto, Takashi",Men,Japan,05-Feb-91
"Evans, Andrew",Men,United States,25-Jan-91
"Évora, Nelson",Men,Portugal,20-Apr-84
"Ewen, Maggie",Women,United States,23-Sep-94
"Ezzaydouny, Ibrahim",Men,Morocco,28-Apr-91
"Facey, Simone",Women,Jamaica,07-May-85
"Fajdek, Paweł",Men,Poland,04-Jun-89
"Falloni, Simone",Men,Italy,26-Jul-91
"Farah, Mohamed",Men,Great Britain & N.I.,23-Mar-83
"Farmer, Erin",Women,United States,11-Aug-95
"Fassinotti, Marco",Men,Italy,29-Apr-89
"Feleke, Getu",Men,Ethiopia,28-Nov-86
"Felix, Allyson",Women,United States,18-Nov-85
"Felix, Kurt",Men,Grenada,04-Jul-88
"Feng, Bin",Women,Pr Of China,03-Apr-94
"Ferreira, Diogo",Men,Portugal,30-Jul-90
"Ferreira, Fernando",Men,Brazil,13-Dec-94
"Fifa, Illias",Men,Spain,16-May-89
"Filippidis, Konstantinos",Men,Greece,26-Nov-86
"Finley, Mason",Men,United States,07-Oct-90
"Fiodorow, Joanna",Women,Poland,04-Mar-89
"Flanagan, Shalane",Women,United States,08-Jul-81
"Flournoy, Jaron",Men,United States,24-Nov-96
"Fontanive, Petra",Women,Switzerland,10-Oct-88
"Forbes, Damar",Men,Jamaica,11-Sep-90
"Forte, Julian",Men,Jamaica,07-Jan-93
"Francis, Phyllis",Women,United States,04-May-92
"Franklin, Tori",Women,United States,07-Oct-92
"Frayne, Henry",Men,Australia,14-Apr-90
"Freeman, Joshua",Men,United States,22-Aug-94
"Freimuth, Rico",Men,Germany,14-Mar-88
"Frerichs, Courtney",Women,United States,18-Jan-93
"Frydrych, Petr",Men,Czech Republic,13-Jan-88
"Fujisawa, Isamu",Men,Japan,12-Oct-87
"Furlani, Erika",Women,Italy,02-Jan-96
"Futch, Eric",Men,United States,25-Apr-93
"Gakeme, Antoine",Men,Burundi,24-Dec-91
"Gale, Tom",Men,Great Britain & N.I.,18-Dec-98
"Gallett, Ismail Juma",Men,Tanzania,03-Aug-91
"Gambetta, Sara",Women,Germany,18-Feb-93
"Gao, Ni",Women,Pr Of China,14-May-90
"Gao, Xinglong",Men,Pr Of China,12-Mar-94
"Gao, Yang",Women,Pr Of China,01-Mar-93
"Garcia, Stephanie",Women,United States,03-May-88
"García, Kimberly",Women,Peru,19-Oct-93
"García, Samuel",Men,Spain,04-Dec-91
"García Carrera, Diego",Men,Spain,19-Jan-96
"García-Caro, Laura",Women,Spain,16-Apr-95
"Gardiner, Steven",Men,Bahamas,12-Sep-95
"Gardner, English",Women,United States,22-Apr-92
"Gatlin, Justin",Men,United States,10-Feb-82
"Gaye, Demish",Men,Jamaica,20-Jan-93
"Gayle, Steven",Men,Jamaica,19-Mar-94
"Gebrekidan, Hiwot",Women,Ethiopia,11-May-95
"Gebresilase, Leul",Men,Ethiopia,20-Sep-92
"Gebreslase, Gotytom",Women,Ethiopia,15-Jan-95
"Gebru, Azemra",Women,Ethiopia,05-May-92
"Gega, Luiza",Women,Albania,05-Nov-88
"George, Patience Okon",Women,Nigeria,25-Nov-91
"Gerashchenko, Iryna",Women,Ukraine,10-Mar-95
"Geremew, Mosinet",Men,Ethiopia,12-Feb-92
"Getahun, Betesfa",Men,Ethiopia,25-Sep-98
"Getent, Tigest",Women,Bahrain,07-Jul-97
"Gezahegn, Kelkile",Men,Ethiopia,1996
"Ghazal, Majd Eddin",Men,Syria,21-Apr-87
"Ghribi, Habiba",Women,Tunisia,09-Apr-84
"Gidey, Letesenbet",Women,Ethiopia,20-Mar-98
"Gierisch, Kristin",Women,Germany,20-Aug-90
"Giles, Elliot",Men,Great Britain & N.I.,26-May-94
"Gill, Jacko",Men,New Zealand,20-Dec-94
"Girma, Tesfaye",Men,Ethiopia,24-Jan-97
"Gisamoda, Emanuel Giniki",Men,Tanzania,18-May-88
"Givans, Senoj-Jay",Men,Jamaica,30-Dec-93
"Glavan, Igor",Men,Ukraine,25-Sep-90
"Gleadle, Elizabeth",Women,Canada,05-Dec-88
"Gobena, Amane",Women,Ethiopia,11-Sep-86
"Gochenour, Alex",Women,United States,17-Feb-93
"Golodna, Olga",Women,Ukraine,14-Nov-91
"Gómez, Pedro Daniel",Men,Mexico,31-Dec-90
"Gong, Lijiao",Women,Pr Of China,24-Jan-89
"González, Maria Guadalupe",Women,Mexico,09-Jan-89
"Goolab, Nick",Men,Great Britain & N.I.,30-Jan-90
"Gordeeva, Irina",Women,Authorised Neutral Athlete,09-Oct-86
"Gordon, Chrisann",Women,Jamaica,18-Sep-94
"Grabarz, Robbie",Men,Great Britain & N.I.,03-Oct-87
"Grace, Kate",Women,United States,24-Oct-88
"Graumann, Jossie",Women,Germany,18-Mar-94
"Greaux, Kyle",Men,Trinidad And Tobago,26-Apr-88
"Green, Jack",Men,Great Britain & N.I.,06-Oct-91
"Gregson, Ryan",Men,Australia,26-Apr-90
"Grīva, Lauma",Women,Latvia,27-Oct-84
"Grøvdal, Karoline Bjerkeli",Women,Norway,14-Jun-90
"Grove, Emily",Women,United States,22-May-93
"Guba, Paulina",Women,Poland,14-May-91
"Gudeta, Netsanet",Women,Ethiopia,12-Feb-91
"Gudžius, Andrius",Men,Lithuania,14-Feb-91
"Guillon-Romarin, Ninon",Women,France,15-Apr-95
"Guliyev, Ramil",Men,Turkey,29-May-90
"Gulyaeva, Aleksandra",Women,Russia,30-Apr-94
"Gumenyuk, Irina",Women,Authorised Neutral Athlete,06-Jan-88
"Gunnarsson, Lisa",Women,Sweden,20-Aug-99
"Guo, Tianqian",Women,Pr Of China,01-Jun-95
"Güvenç, Tuğba",Women,Turkey,09-Jul-94
"Gyurátz, Réka",Women,Hungary,31-May-96
"Haase, Rebekka",Women,Germany,02-Jan-93
"Hadadi, Ehsan",Men,Islamic Republic Of Iran,20-Jan-85
"Hadis, Abadi",Men,Ethiopia,06-Nov-97
"Haftu, Fikadu",Men,Ethiopia,21-Feb-94
"Haileselassie, Yemane",Men,Eritrea,21-Feb-98
"Halász, Bence",Men,Hungary,04-Aug-97
"Hall, Dior",Women,United States,02-Jan-96
"Hall, Kate",Women,United States,12-Jan-97
"Hall, Marshall",Men,New Zealand,07-Oct-88
"Hall, Quincy",Men,United States,31-Jul-98
"Hall-Thompson, Elijah",Men,United States,22-Aug-94
"Hamann, Lars",Men,Germany,04-Apr-89
"Hann, Mamadou Kasse",Men,France,10-Oct-86
"Haratyk, Michał",Men,Poland,10-Apr-92
"Hardee, Trey",Men,United States,07-Feb-84
"Haroun, Abdalelah",Men,Qatar,01-Jan-97
"Harper, Daina",Women,United States,26-Jun-95
"Harper-Nelson, Dawn",Women,United States,13-May-84
"Harradine, Benn",Men,Australia,14-Oct-82
"Harris, Aleec",Men,United States,31-Oct-90
"Harris, Isaiah",Men,United States,18-Oct-96
"Harrison, Kendra",Women,United States,18-Sep-92
"Harrison, Queen",Women,United States,10-Sep-88
"Harroufi, Ridouane",Men,Morocco,30-Jul-81
"Hartfield, Michael",Men,United States,29-Mar-90
"Harting, Christoph",Men,Germany,10-Apr-90
"Harting, Julia",Women,Germany,01-Apr-90
"Harting, Robert",Men,Germany,18-Oct-84
"Hartwig, Julie",Women,Germany,30-Jun-94
"Hasay, Jordan",Women,United States,21-Sep-91
"Hassan, Mostafa Amr",Men,Egypt,16-Dec-95
"Hassan, Sifan",Women,Netherlands,01-Jan-93
"Hastings, Natasha",Women,United States,23-Jul-86
"Haukenes, Håvard",Men,Norway,22-Apr-90
"Hawkins, Callum",Men,Great Britain & N.I.,22-Jun-92
"Hayes, Quanera",Women,United States,07-Mar-92
"Haylay, Letebrhan",Women,Ethiopia,29-Oct-90
"He, Qin",Women,Pr Of China,23-Mar-92
"Heffernan, Robert",Men,Ireland,28-Feb-78
"Hejnová, Zuzana",Women,Czech Republic,19-Dec-86
"Helcelet, Adam Sebastian",Men,Czech Republic,27-Oct-91
"Helebrand, Máté",Men,Hungary,12-Jan-89
"Henderson, Ashley",Women,United States,04-Dec-95
"Henderson, Jeff",Men,United States,19-Feb-89
"Hess, Max",Men,Germany,13-Jul-96
"Hildebrand, Nadine",Women,Germany,20-Sep-87
"Hill, Daniella",Women,United States,16-May-91
"Hill, Darrell",Men,United States,17-Aug-93
"Hill, Deanna",Women,United States,13-Apr-96
"Hill, Devon",Men,United States,26-Oct-89
"Hills, Madeline",Women,Australia,15-May-87
"Hitchon, Sophie",Women,Great Britain & N.I.,11-Jul-91
"Hixson, Kristen",Women,United States,01-Jul-92
"Hjálmsdóttir, Ásdís",Women,Iceland,28-Oct-85
"Hobbs, Aleia",Women,United States,24-Feb-96
"Hofmann, Andreas",Men,Germany,16-Dec-91
"Hoggard, Tori",Women,United States,20-Nov-96
"Holloway, Grant",Men,United States,19-Nov-97
"Holmes, TJ",Men,United States,02-Jul-95
"Holuša, Jakub",Men,Czech Republic,20-Feb-88
"Holzdeppe, Raphael",Men,Germany,28-Sep-89
"Horie, Misato",Women,Japan,10-Mar-87
"Horvat, Ivan",Men,Croatia,17-Aug-93
"Hostetler, Cyrus",Men,United States,08-Aug-86
"Houlihan, Shelby",Women,United States,08-Feb-93
"Houston, Scott",Men,United States,11-Jun-90
"Hrubá, Michaela",Women,Czech Republic,21-Feb-98
"Huang, Changzhou",Men,Pr Of China,20-Aug-94
"Huang, Shih-Feng",Men,Chinese Taipei,02-Mar-92
"Huddle, Molly",Women,United States,31-Aug-84
"Hudson-Smith, Matthew",Men,Great Britain & N.I.,26-Oct-94
"Hughes, Zharnel",Men,Great Britain & N.I.,13-Jul-95
"Hussein, Kariem",Men,Switzerland,04-Jan-89
"Hussong, Christin",Women,Germany,17-Mar-94
"Hyde, Jaheel",Men,Jamaica,02-Feb-97
"Hynne, Hedda",Women,Norway,13-Mar-90
"Ibarguen, Caterine",Women,Colombia,12-Feb-84
"Iguider, Abdelaati",Men,Morocco,25-Mar-87
"Ikauniece-Admidina, Laura",Women,Latvia,31-May-92
"Imali, Maximila",Women,Kenya,08-Feb-96
"Ince, Ariana",Women,United States,14-Mar-89
"Infeld, Emily",Women,United States,21-Mar-90
"Ingebrigtsen, Filip",Men,Norway,20-Apr-93
"Iribarne, Roger",Men,Cuba,02-Jan-96
"Irwin, Andrew",Men,United States,23-Jan-93
"Iuel, Amalie",Women,Norway,17-Apr-94
"Ivanov, Tihomir",Men,Bulgaria,11-Jul-94
"Ivanyuk, Ilya",Men,Authorised Neutral Athlete,09-Mar-93
"Jackson, Bershawn",Men,United States,08-May-83
"Jackson, Shericka",Women,Jamaica,16-Jul-94
"Jacobus, Lexi",Women,United States,20-Nov-96
"Jagaciak, Anna",Women,Poland,10-Feb-90
"Jager, Evan",Men,United States,08-Mar-89
"Janežič, Luka",Men,Slovenia,14-Nov-95
"Jaszczuk, Tomasz",Men,Poland,09-Mar-92
"Jebet, Ruth",Women,Bahrain,17-Nov-96
"Jefferson, Kyra",Women,United States,23-Sep-94
"Jele, Lydia",Women,Botswana,22-Jun-90
"Jenkins, Eric",Men,United States,24-Nov-91
"Jepchirchir, Peres",Women,Kenya,27-Sep-93
"Jepchumba, Violah",Women,Bahrain,23-Oct-90
"Jepkemei, Daisy",Women,Kenya,13-Feb-96
"Jepkesho, Visiline",Women,Kenya,30-Dec-89
"Jepkosgei, Joyciline",Women,Kenya,08-Dec-93
"Jepkosgei, Nelly",Women,Kenya,14-Jul-91
"Jeruto, Norah",Women,Kenya,02-Oct-95
"Jílek, Jaroslav",Men,Czech Republic,22-Oct-89
"Jin, Xiangqian",Men,Pr Of China,18-Mar-97
"Johnson, Alaysha",Women,United States,20-Jul-96
"Johnson, Felisha",Women,United States,24-Jul-89
"Johnson-Thompson, Katarina",Women,Great Britain & N.I.,09-Jan-93
"Jones, Jonathan",Men,United States,23-Apr-91
"Judd, Jessica",Women,Great Britain & N.I.,07-Jan-95
"Jungfleisch, Marie-Laurence",Women,Germany,07-Oct-90
"Junghannß, Karl",Men,Germany,06-Apr-96
"Juška, Radek",Men,Czech Republic,08-Mar-93
"Kaazouzi, Brahim",Men,Morocco,15-Jun-90
"Kachir, Abderrahmane",Men,Morocco,25-Sep-92
"Kalamoyets, Siarhei",Men,Belarus,11-Aug-89
"Kambundji, Mujinga",Women,Switzerland,17-Jun-92
"Kamulu, Pauline Kaveke",Women,Kenya,30-Dec-94
"Kamworor, Geoffrey Kipsang",Men,Kenya,22-Nov-92
"Kanda, Luka Lokobe",Men,Kenya,1987
"Kandie, Felix Kipchirchir",Men,Kenya,10-Apr-87
"Kandie, Peninah Jerop",Women,Kenya,22-Jun-92
"Kangogo, Albert Kipkosgei",Men,Kenya,16-Aug-87
"Kangogo, Justus Kipkosgei",Men,Kenya,1995
"Kanter, Gerd",Men,Estonia,06-May-79
"Karailiev, Momchil",Men,Bulgaria,21-May-82
"Karimi, Lucy",Women,Kenya,06-Oct-86
"Karlström, Perseus",Men,Sweden,02-May-90
"Kasyanov, Oleksiy",Men,Ukraine,26-Aug-85
"Katsuki, Hayato",Men,Japan,28-Nov-90
"Kaur, Manpreet",Women,India,06-Jul-90
"Kaya Salman, Kivilcim",Women,Turkey,27-Mar-92
"Kazmirek, Kai",Men,Germany,28-Jan-91
"Kebenei, Stanley Kipkoech",Men,United States,06-Nov-89
"Keitany, Mary Jepkosgei",Women,Kenya,18-Jan-82
"Kejelcha, Yomif",Men,Ethiopia,01-Aug-97
"Kemboi, Edward Kibet",Men,Kenya,09-Dec-93
"Kemboi, Ezekiel",Men,Kenya,25-May-82
"Kendagor, Jacob Kibet Chulyo",Men,Kenya,24-Aug-84
"Kendricks, Sam",Men,United States,07-Sep-92
"Kendziera, David",Men,United States,09-Sep-94
"Kennedy, Nina",Women,Australia,05-Apr-97
"Kerley, Fred",Men,United States,07-May-95
"Kerley, My'Lik",Men,United States,06-Jun-96
"Keter, Kenneth",Men,Kenya,04-Aug-96
"Khaladovich, Tatsiana",Women,Belarus,21-Jun-91
"Kibet, Alex",Men,Kenya,10-Nov-90
"Kibet, James",Men,Kenya,10-Nov-88
"Kibet, Vincent",Men,Kenya,06-May-91
"Kibiwot, Viola Jelagat",Women,Kenya,22-Dec-83
"Kibiwott, Abraham",Men,Kenya,04-Jun-96
"Kifle, Aron",Men,Eritrea,20-Feb-98
"Kigen, Benjamin",Men,Kenya,05-Jul-93
"Kigen, Noah Kiprotich",Men,Kenya,12-Jun-89
"Kigen, Nobert Kipkoech",Men,Kenya,24-Oct-93
"Kim, Byoungjun",Men,Korea,15-Aug-91
"Kim, Hyunsub",Men,Korea,31-May-85
"Kimaina, Gladys Jerop",Women,Kenya,01-Mar-93
"Kimani, Bernard Kitavi",Men,Kenya,10-Sep-93
"Kimeli, Benard",Men,Kenya,10-Sep-95
"Kimeli, Mathew Kipkorir",Men,Kenya,04-Jan-98
"Kimeli, Nicholas Kipkorir",Men,Kenya,29-Sep-98
"Kimining, Shadrack Korir",Men,Kenya,10-Feb-96
"Kimitei, Wilfred Kimeli",Men,Kenya,11-Mar-85
"Kimutai, Marius",Men,Kenya,1988
"Kinfu, Tariku",Men,Ethiopia,1996
"King, Devin",Men,United States,13-Mar-96
"King, Kyree",Men,United States,09-Jul-94
"Kinsey, Erika",Women,Sweden,10-Mar-88
"Kinyamal, Wyclife",Men,Kenya,02-Jul-97
"Kipchirchir, Shadrack",Men,United States,22-Feb-89
"Kipchoge, Eliud",Men,Kenya,05-Nov-84
"Kipkemboi, Margaret Chelimo",Women,Kenya,09-Feb-93
"Kipkemoi, Kenneth Kiprop",Men,Kenya,02-Aug-84
"Kipketer, Gideon Kipkemoi",Men,Kenya,10-Nov-92
"Kipketer, Valentine Jepkorir",Women,Kenya,05-Jan-93
"Kipkirui, Caroline Chepkoech",Women,Kenya,26-May-94
"Kipkoech, Paskalia Chepkorir",Women,Kenya,22-Dec-88
"Kiplagat, Florence Jebet",Women,Kenya,27-Feb-87
"Kiplagat, Vivian Jerono",Women,Kenya,1991
"Kiplangat, Davis",Men,Kenya,10-Jul-98
"Kiplangat, Peter Langat",Men,Kenya,06-Sep-93
"Kiplimo, Jacob",Men,Uganda,14-Nov-00
"Kiprono, Gladys Cherono",Women,Kenya,12-May-83
"Kiprop, Asbel",Men,Kenya,30-Jun-89
"Kiprop, Helah Jelagat",Women,Kenya,07-Apr-85
"Kiprop, Nancy Jepkosgei",Women,Kenya,07-Jul-79
"Kiprotich, Agnes Jeruto",Women,Kenya,05-Feb-82
"Kiprotich, Filex Kipchirchir",Men,Kenya,1988
"Kiprotich, Sheila Chepkirui",Women,Kenya,27-Dec-90
"Kiprotich, Stephen",Men,Uganda,27-Feb-89
"Kiprotich, Wilson Kipsang",Men,Kenya,15-Mar-82
"Kipruto, Amos Choge",Men,Kenya,1992
"Kipruto, Benson",Men,Kenya,1991
"Kipruto, Brimin Kiprop",Men,Kenya,31-Jul-85
"Kipruto, Conseslus",Men,Kenya,08-Dec-94
"Kipruto, Rhonex",Men,Kenya,12-Oct-99
"Kipruto, Vincent",Men,Kenya,13-Sep-87
"Kipsang, Susan Jeptoo",Women,Kenya,07-Mar-87
"Kipserem, Marius",Men,Kenya,17-May-88
"Kipserem, Peter Langat",Men,Kenya,20-Dec-98
"Kiptagelai, Gladys Chesir",Women,Kenya,20-Feb-93
"Kiptoo, Edwin Kiprop",Men,Kenya,14-Aug-93
"Kiptoo, Fredrick Kipkosgei",Men,Kenya,13-Nov-96
"Kiptum, Abraham",Men,Kenya,1989
"Kipyego, Barnabas",Men,Kenya,12-Jun-95
"Kipyego, Barselius",Men,Kenya,23-Jul-93
"Kipyego, Edwin",Men,Kenya,16-Nov-90
"Kipyegon, Faith Chepngetich",Women,Kenya,10-Jan-94
"Kiriazís, Ioánnis",Men,Greece,19-Jan-96
"Kirt, Magnus",Men,Estonia,10-Apr-90
"Kirui, Abel",Men,Kenya,04-Jun-82
"Kirui, Amos",Men,Kenya,09-Feb-98
"Kirui, Purity",Women,Kenya,13-Aug-91
"Kirwa, Eunice Jepkirui",Women,Bahrain,20-May-84
"Kirwa, Felix Kiptoo",Men,Kenya,
"Kiryu, Yoshihide",Men,Japan,15-Dec-95
"Kisorio, Mathew Kipkoech",Men,Kenya,16-May-89
"Kissa, Stephen",Men,Uganda,01-Dec-95
"Kitata, Shura",Men,Ethiopia,09-Jun-96
"Kiyeng, Hyvin",Women,Kenya,13-Jan-92
"Kiyota, Mao",Women,Japan,12-Sep-93
"Klein, Hanna",Women,Germany,06-Apr-93
"Klishina, Darya",Women,Authorised Neutral Athlete,15-Jan-91
"Klosterhalfen, Konstanze",Women,Germany,18-Feb-97
"Klučinová, Eliška",Women,Czech Republic,14-Apr-88
"Klymets, Iryna",Women,Ukraine,04-Oct-94
"Knibb, Kellion",Women,Jamaica,25-Dec-93
"Knyazyeva-Minenko, Hanna",Women,Israel,25-Sep-89
"Koala, Marthe",Women,Burkina Faso,08-Mar-94
"Kobayashi, Kai",Men,Japan,28-Feb-93
"Kocina, Anete",Women,Latvia,05-Feb-96
"Koech, Edwin Kipngetich",Men,Kenya,1992
"Koech, Geoffrey Kimutai",Men,Kenya,28-Aug-93
"Koech, Meshack Kiprop",Men,Kenya,1988
"Kolak, Sara",Women,Croatia,22-Jun-95
"Konishi, Yuta",Men,Japan,31-Jul-90
"Kopron, Malwina",Women,Poland,16-Nov-94
"Korio, Alex Oloitiptip",Men,Kenya,20-Dec-90
"Korir, Emmanuel Kipkurui",Men,Kenya,15-Jun-95
"Korir, Japhet Kipyegon",Men,Kenya,30-Jun-93
"Korir, Laban Kipngetich",Men,Kenya,30-Dec-85
"Korir, Leonard Essau",Men,United States,10-Dec-86
"Korir, Mark",Men,Kenya,10-Jan-85
"Korolyova, Kristina",Women,Russia,06-Nov-90
"Kosgei, Brigid Chepchirchir",Women,Kenya,20-Feb-94
"Kosimbei, Nicholas Mboroto",Men,Kenya,01-Oct-96
"Koster, Maureen",Women,Netherlands,03-Jul-92
"Kovacs, Joe",Men,United States,28-Jun-89
"Kövágó, Zoltán",Men,Hungary,10-Apr-79
"Kowal, Yoann",Men,France,28-May-87
"Krasnova, Angelina",Women,Russia,07-Feb-91
"Krause, Gesa Felicitas",Women,Germany,03-Aug-92
"Krechyk, Alena",Women,Belarus,20-Jul-87
"Krimarenko, Yuriy",Men,Ukraine,11-Aug-83
"Krizsán, Xénia",Women,Hungary,13-Jan-93
"Krukowski, Marcin",Men,Poland,14-Jun-92
"Krumins, Susan",Women,Netherlands,08-Jul-86
"Krylova, Anna",Women,Authorised Neutral Athlete,03-Oct-85
"Kszczot, Adam",Men,Poland,02-Sep-89
"Kudlicka, Jan",Men,Czech Republic,29-Apr-88
"Kupers, Thijmen",Men,Netherlands,04-Oct-91
"Kurgat, Amos Kibiwott",Men,Kenya,07-Mar-92
"Kurong, Moses Martin",Men,Uganda,07-Jul-94
"Küster, Susen",Women,Germany,27-Jul-94
"Kwemoi, Rodgers",Men,Kenya,03-Mar-98
"Kwemoi, Ronald",Men,Kenya,19-Sep-95
"Kylypko, Maryna",Women,Ukraine,10-Nov-95
"Kynard, Erik",Men,United States,03-Feb-91
"La, Mao",Women,Pr Of China,17-Dec-96
"Laasma, Liina",Women,Estonia,13-Jan-92
"LaCaze, Genevieve",Women,Australia,04-Aug-89
"Lafond, Thea",Women,Commonwealth Of Dominica,05-Apr-94
"Lagat, Alfers Kipruto",Men,Kenya,07-Aug-86
"Lagat, Justus",Men,Kenya,20-May-96
"Lahbabi, Aziz",Men,Morocco,03-Feb-91
"Laidig, Torben",Men,Germany,13-Mar-94
"Lake, Morgan",Women,Great Britain & N.I.,12-May-97
"Lally, Jade",Women,Great Britain & N.I.,30-Mar-87
"Lamou, Martin",Men,France,13-May-99
"Langat, Isaac Kipkoech",Men,Kenya,18-Dec-94
"Langat, Leonard Kipkoech",Men,Kenya,07-Aug-90
"Lasa, Emiliano",Men,Uruguay,25-Jan-90
"Lashmanova, Yelena",Women,Russia,09-Apr-92
"Lasitskene, Mariya",Women,Authorised Neutral Athlete,14-Jan-93
"Lavillenie, Renaud",Men,France,18-Sep-86
"Lavillenie, Valentin",Men,France,16-Jul-91
"Lawrence, Shadae",Women,Jamaica,31-Dec-95
"Lawson, Jarrion",Men,United States,06-May-94
"Leantsiuk, Yuliya",Women,Belarus,31-Jan-84
"Leleux, Morgan",Women,United States,14-Nov-92
"Lemaitre, Christophe",Men,France,11-Jun-90
"Lemma, Sisay",Men,Ethiopia,12-Dec-90
"Lempus, Betty Wilson",Women,Kenya,
"Leotlela, Tlotliso",Men,South Africa,12-May-98
"Lesnoi, Alexandr",Men,Authorised Neutral Athlete,28-Jul-88
"Lesueur, Éloyse",Women,France,15-Jul-88
"Levchenko, Yuliya",Women,Ukraine,28-Nov-97
"Levy, Jura",Women,Jamaica,04-Nov-90
"Levy, Ronald",Men,Jamaica,30-Dec-92
"Lewandowski, Marcin",Men,Poland,13-Jun-87
"Lewetegn, Sentayehu",Women,Ethiopia,09-May-96
"Lewis-Smallwood, Gia",Women,United States,01-Apr-79
"Li, Lingwei",Women,Pr Of China,26-Jan-89
"Liang, Rui",Women,Pr Of China,18-Jun-94
"Licwinko, Kamila",Women,Poland,22-Mar-86
"Lilesa, Feyisa",Men,Ethiopia,01-Feb-90
"Lindh, Lovisa",Women,Sweden,09-Jul-91
"Lingua, Marco",Men,Italy,04-Jun-78
"Linke, Christopher",Men,Germany,24-Oct-88
"Linkiewicz, Joanna",Women,Poland,02-May-90
"Lipsanen, Simo",Men,Finland,13-Sep-95
"Lipsey, Charlene",Women,United States,16-Jul-91
"Lisek, Piotr",Men,Poland,16-Aug-92
"Little, Shamier",Women,United States,20-Mar-95
"Litvinov, Sergej",Men,Authorised Neutral Athlete,27-Jan-86
"Liu, Shiying",Women,Pr Of China,24-Sep-93
"Liu, Tingting",Women,Pr Of China,29-Oct-90
"Liu, Xiangrong",Women,Pr Of China,06-Jun-88
"Lomnický, Marcel",Men,Slovak Republic,06-Jul-87
"London III, Wilbert",Men,United States,17-Aug-97
"Lonyangata, Paul Kipchumba",Men,Kenya,12-Dec-92
"López, Kevin",Men,Spain,12-Jun-90
"López, Miguel Ángel",Men,Spain,03-Jul-88
"López, Yaniuvis",Women,Cuba,01-Feb-86
"Lowe, Chaunté",Women,United States,12-Jan-84
"Lu, Minjia",Women,Pr Of China,29-Dec-92
"Lu, Xiaoxin",Women,Pr Of China,22-Feb-89
"Lückenkemper, Gina",Women,Germany,21-Nov-96
"Ludwig, Matthew",Men,United States,05-Jul-96
"Lukyanenko, Artem",Men,Russia,30-Jan-90
"Lukyanov, Denis",Men,Russia,14-Jul-89
"Luo, Na",Women,Pr Of China,08-Oct-93
"Lyakhova, Olha",Women,Ukraine,18-Mar-92
"Lyles, Noah",Men,United States,18-Jul-97
"Lysenko, Danil",Men,Russia,19-May-97
"Lyu, Huihui",Women,Pr Of China,26-Jun-89
"Lyu, Xiuzhi",Women,Pr Of China,26-Oct-93
"Mageean, Ciara",Women,Ireland,12-Mar-92
"Mägi, Rasmus",Men,Estonia,04-May-92
"Magour, Ahmed Bader",Men,Qatar,03-Mar-96
"Mahuchikh, Yaroslava",Women,Ukraine,19-Sep-01
"Maina, John",Men,Kenya,04-Jul-94
"Makarenko, Artem",Men,Russia,23-Apr-97
"Makhrosenka, Zakhar",Men,Belarus,10-Oct-91
"Makwala, Isaac",Men,Botswana,24-Sep-85
"Malachowski, Piotr",Men,Poland,07-Jun-83
"Maláčová, Romana",Women,Czech Republic,15-May-87
"Mallett, Aaron",Men,United States,26-Sep-94
"Malone, Chantel",Women,British Virgin Islands,02-Dec-91
"Malykhin, Vladyslav",Men,Ukraine,15-Jan-98
"Malyshik, Hanna",Women,Belarus,04-Feb-94
"Mamona, Patrícia",Women,Portugal,21-Nov-88
"Manangoi, Elijah Motonei",Men,Kenya,05-Jan-93
"Mande, Abdallah Kibet",Men,Uganda,10-May-95
"Manga, Aurel",Men,France,24-Jul-92
"Manning, Christina",Women,United States,29-May-90
"Manyonga, Luvo",Men,South Africa,08-Jan-91
"Mardare, Andrian",Men,Moldova,20-Jun-95
"Marghiev, Serghei",Men,Moldova,06-Nov-92
"Marschall, Kurtis",Men,Australia,25-Apr-97
"Martín, Álvaro",Men,Spain,18-Jun-94
"Martinez, Brenda",Women,United States,08-Sep-87
"Martínez, Lázaro",Men,Cuba,03-Nov-97
"Martínez, Lois Maikel",Men,Spain,03-Jun-81
"Martins, Eliane",Women,Brazil,26-May-86
"Martins, Fernanda",Women,Brazil,26-Jul-88
"Márton, Anita",Women,Hungary,15-Jan-89
"Martos, Sebastián",Men,Spain,20-Jun-89
"Maruo, Satoshi",Men,Japan,28-Nov-91
"Masai, Gilbert",Men,Kenya,16-Dec-89
"Masai, Magdalene Yeko",Women,Kenya,04-Apr-93
"Mason, Michael",Men,Canada,30-Sep-86
"Massó, Maykel",Men,Cuba,08-May-99
"Matsuda, Mizuki",Women,Japan,31-May-95
"Matsunaga, Daisuke",Men,Japan,24-Mar-95
"Matsuzaki, Riko",Women,Japan,24-Dec-92
"Mattis, Sam",Men,United States,19-Mar-94
"Matusevicius, Edis",Men,Lithuania,30-Jun-96
"Maudens, Hanne",Women,Belgium,12-Mar-97
"Mayer, Kevin",Men,France,10-Feb-92
"Mayer, Lisa",Women,Germany,02-May-96
"McBride, Brandon",Men,Canada,15-Jun-94
"McBride, Bryan",Men,United States,10-Dec-91
"McCartney, Eliza",Women,New Zealand,11-Dec-96
"McColgan, Eilish",Women,Great Britain & N.I.,25-Nov-90
"McEntee, Sam",Men,Australia,03-Feb-92
"McKnight, Sparkle",Women,Trinidad And Tobago,21-Dec-91
"McLaughlin, Sydney",Women,United States,07-Aug-99
"McLaughlin-Whilby, Anneisha",Women,Jamaica,06-Jan-86
"McLeod, Omar",Men,Jamaica,25-Apr-94
"McMaster, Kyron",Men,British Virgin Islands,03-Jan-97
"McPherson, Inika",Women,United States,29-Sep-86
"McPherson, Stephenie Ann",Women,Jamaica,25-Nov-88
"McQuay, Tony",Men,United States,16-Apr-90
"Mead, Hassan",Men,United States,28-Aug-89
"Mechaal, Adel",Men,Spain,05-Dec-90
"Medvedeva, Ekaterina",Women,Russia,29-Mar-94
"Meijer, Michaela",Women,Sweden,30-Jul-93
"Meité, Ben Youssef",Men,Cote D'ivoire,11-Nov-86
"Mekhissi, Mahiedine",Men,France,15-Mar-85
"Mekonen, Teshome",Men,Ethiopia,05-Aug-95
"Mekonnen, Tsegaye",Men,Ethiopia,15-Jun-95
"Melese, Yebrgual",Women,Ethiopia,18-Apr-90
"Melly, Joan Chelimo",Women,Kenya,10-Nov-90
"Ménaldo, Kévin",Men,France,12-Jul-92
"Menkov, Aleksandr",Men,Authorised Neutral Athlete,07-Dec-90
"Mergia, Aselefech",Women,Ethiopia,23-Jan-85
"Merritt, Aries",Men,United States,24-Jul-85
"Merritt, LaShawn",Men,United States,27-Jun-86
"Mesel, Amanuel",Men,Eritrea,29-Dec-90
"Mialeshka, Pavel",Men,Belarus,24-Nov-92
"Mihaljevic, Filip",Men,Croatia,31-Jul-94
"Mikhou, Sadik",Men,Bahrain,25-Jul-90
"Milanov, Philip",Men,Belgium,06-Jul-91
"Miller, Nick",Men,Great Britain & N.I.,01-May-93
"Miller-Uibo, Shaunae",Women,Bahamas,15-Apr-94
"Mineyeva, Tatyana",Women,Russia,10-Aug-90
"Mitchell, Kathryn",Women,Australia,10-Jul-82
"Mitchell-Blake, Nethaneel",Men,Great Britain & N.I.,02-Apr-94
"Moen, Sondre Nordstad",Men,Norway,12-Jan-91
"Mohamed, Hamada",Men,Egypt,22-Oct-92
"Mokoena, Godfrey Khotso",Men,South Africa,06-Mar-85
"Mokonin, Desi",Women,Bahrain,12-Jul-97
"Moline, Georganne",Women,United States,06-Mar-90
"Molitor, Katharina",Women,Germany,08-Nov-83
"Monicah, Rosemary Wanjiru",Women,Kenya,09-Dec-94
"Montsho, Amantle",Women,Botswana,04-Jul-83
"Morgunov, Timur",Men,Authorised Neutral Athlete,12-Oct-96
"Morris, Sandi",Women,United States,08-Jul-92
"Morwa, Yvonne Jelagat",Women,Kenya,12-Nov-93
"Moser, Angelica",Women,Switzerland,09-Oct-97
"Mowatt, Kemar",Men,Jamaica,12-Mar-95
"Mozia, Stephen",Men,Nigeria,16-Aug-93
"Muchiri, Bedan Karoki",Men,Kenya,21-Aug-90
"Muhammad, Dalilah",Women,United States,07-Feb-90
"Muir, Laura",Women,Great Britain & N.I.,09-May-93
"Müller, Nadine",Women,Germany,21-Nov-85
"Mullina, Olga",Women,Authorised Neutral Athlete,01-Aug-92
"Munanu, Mary",Women,Kenya,1991
"Munyai, Clarence",Men,South Africa,20-Feb-98
"Munyao, Alexander Mutiso",Men,Kenya,10-Sep-96
"Mupopo, Kabange",Women,Zambia,21-Sep-92
"Murillo, John",Men,Colombia,13-Jun-84
"Murphy, Clayton",Men,United States,26-Feb-95
"Musagala, Ronald",Men,Uganda,16-Dec-92
"Mutai, Beatrice Chepkemoi",Women,Kenya,19-Apr-87
"Mwangi, James Ndirangu",Men,Kenya,29-Mar-94
"Mwei, Robert Kipchirchir",Men,Kenya,11-Apr-98
"Myers, Tamara",Women,Bahamas,27-Jul-93
"Nageotte, Katie",Women,United States,13-Jun-91
"Nana Djimou, Antoinette",Women,France,02-Aug-85
"Nápoles, Cristian",Men,Cuba,27-Nov-98
"Naser, Salwa Eid",Women,Bahrain,23-May-98
"Nathaniel, Glory Onome",Women,Nigeria,23-Jan-96
"Nava, Horació",Men,Mexico,20-Jan-82
"Nawowuna, Alice Aprot",Women,Kenya,02-Jan-94
"Nazarov, Dilshod",Men,Tajikistan,06-May-82
"Ndiku, Caleb Mwangangi",Men,Kenya,09-Oct-92
"Ndiku, Jonathan Muia",Men,Kenya,18-Sep-91
"Ndiwa, Stacy Chepkemboi",Women,Kenya,06-Dec-92
"Nebebew, Birhan",Men,Ethiopia,14-Aug-94
"Nedasekau, Maksim",Men,Belarus,21-Jan-98
"Nedow, Tim",Men,Canada,16-Oct-90
"Nel, Wenda",Women,South Africa,30-Jul-88
"Nellum, Bryshon",Men,United States,01-May-89
"Nelvis, Sharika",Women,United States,10-May-90
"Nettey, Christabel",Women,Canada,02-Jun-91
"Newell, Anicka",Women,Canada,05-Aug-93
"Newman, Alysha",Women,Canada,29-Jun-94
"Ngelel, Franklin",Men,Kenya,02-Mar-92
"Ngugi, Mary Wacera",Women,Kenya,17-Dec-88
"Ni, Yuanyuan",Women,Pr Of China,06-Apr-95
"Nidbaykina, Darya",Women,Russia,26-Dec-94
"Nie, Jingjing",Women,Pr Of China,01-Mar-88
"Nikişenko, Marina",Women,Moldova,28-Jun-86
"Nilsen, Christopher",Men,United States,13-Jan-98
"Nirmla,",Women,India,15-Jul-95
"Niu, Wenbin",Men,Pr Of China,20-Jan-91
"Niyonsaba, Francine",Women,Burundi,05-May-93
"Noda, Tomohiro",Men,Japan,24-Jan-96
"Norman, Michael",Men,United States,03-Dec-97
"Norwood, Vernon",Men,United States,10-Apr-92
"Novac, Alexandru",Men,Romania,24-Mar-97
"Novozhylova, Iryna",Women,Ukraine,07-Jan-86
"Nowicki, Wojciech",Men,Poland,22-Feb-89
"Nugent, Leah",Women,Jamaica,23-Nov-92
"Nukuri, Diane",Women,Burundi,01-Dec-84
"Obiri, Hellen",Women,Kenya,13-Dec-89
"O'Farrill, Yordan L.",Men,Cuba,09-Feb-93
"Ogita, Hiroki",Men,Japan,30-Dec-87
"Ogrodníková, Nikola",Women,Czech Republic,18-Aug-90
"O'Hare, Chris",Men,Great Britain & N.I.,23-Nov-90
"Õiglane, Janek",Men,Estonia,25-Apr-94
"Oikawa, Fumitaka",Men,Japan,05-Apr-95
"Ojala, Aleksi",Men,Finland,09-Dec-92
"Ojeda, José Leyver",Men,Mexico,12-Nov-85
"Ojiaku, Kevin",Men,Italy,20-Apr-89
"Okada, Kumiko",Women,Japan,17-Oct-91
"Okagbare-Ighoteguonor, Blessing",Women,Nigeria,09-Oct-88
"Okolo, Courtney",Women,United States,15-Mar-94
"Okombo, Jorum Lumbasi",Men,Kenya,10-Dec-97
"Okuneva, Oksana",Women,Ukraine,14-Mar-90
"Oljira, Belaynesh",Women,Ethiopia,26-Jun-90
"Omoregie, David",Men,Great Britain & N.I.,01-Nov-95
"Ondoro, Pius Dominic",Men,Kenya,1988
"O'Neal, Matthew",Men,United States,10-Jun-94
"Onnen, Eike",Men,Germany,03-Aug-82
"Orji, Keturah",Women,United States,05-Mar-96
"Ortega, Mauricio",Men,Colombia,04-Aug-94
"Ortega, Orlando",Men,Spain,29-Jul-91
"Oskan-Clarke, Shelayna",Women,Great Britain & N.I.,20-Jan-90
"Osman, Abrar",Men,Eritrea,01-Jan-94
"Owens-Mitchell, Bridgette",Women,United States,14-Mar-92
"Palameika, Madara",Women,Latvia,18-Jun-87
"Palmisano, Antonella",Women,Italy,06-Aug-91
"Palšyté, Airiné",Women,Lithuania,13-Jul-92
"Panova, Elena",Women,Russia,02-Mar-87
"Panturoiu, Andreea",Women,Romania,24-Feb-95
"Papachristou, Paraskevi",Women,Greece,17-Apr-89
"Parchment, Hansle",Men,Jamaica,17-Jun-90
"Parellis, Apostolos",Men,Cyprus,24-Jul-85
"Pars, Krisztián",Men,Hungary,18-Feb-82
"Patterson, Elizabeth",Women,United States,09-Jun-88
"Peacock, Hamish",Men,Australia,15-Oct-90
"Pearson, Sally",Women,Australia,19-Sep-86
"Pedersen, Isabelle",Women,Norway,27-Jan-92
"Pedroso, Yadisleidis",Women,Italy,28-Jan-87
"Peinado, Robeilys",Women,Venezuela,26-Nov-97
"Peleteiro, Ana",Women,Spain,02-Dec-95
"Pérez, Madaí",Women,Mexico,02-Feb-80
"Pérez, María",Women,Spain,29-Apr-96
"Pérez, Paola Viviana",Women,Ecuador,21-Dec-89
"Pérez, Yaimé",Women,Cuba,29-May-91
"Pérez, Yunier",Men,Spain,16-Feb-85
"Perkovic, Sandra",Women,Croatia,21-Jun-90
"Peters, Anderson",Men,Grenada,21-Oct-97
"Petersen, Sara Slott",Women,Denmark,09-Apr-87
"Petershofen, Friedeline",Women,Germany,19-Aug-95
"Petrivskaya, Zalina",Women,Moldova,05-Feb-88
"Petrova, Gabriela",Women,Bulgaria,29-Jun-92
"Pettersson, Simon",Men,Sweden,03-Jan-94
"Pezer, Mesud",Men,Bosnia-Herzegovina,27-Aug-94
"Pichardo, Pedro Pablo",Men,Portugal,30-Jun-93
"Pierre, Barbara",Women,United States,28-Apr-86
"Pitkämäki, Tero",Men,Finland,19-Dec-82
"Ponomareva, Mariya",Women,Russia,18-Jun-95
"Pontvianne, Jean-Marc",Men,France,06-Aug-94
"Porter, Tiffany",Women,Great Britain & N.I.,13-Nov-87
"Povea, Liadagmis",Women,Cuba,06-Feb-96
"Pozzi, Andrew",Men,Great Britain & N.I.,15-May-92
"Prandini, Jenna",Women,United States,20-Nov-92
"Praught, Aisha",Women,Jamaica,14-Dec-89
"Preiner, Verena",Women,Austria,01-Feb-95
"Prescod, Reece",Men,Great Britain & N.I.,29-Feb-96
"Price, DeAnna",Women,United States,08-Jun-93
"Price, Kylie",Women,United States,23-Nov-93
"Primak, Artem",Men,Russia,14-Jan-93
"Proctor, Shara",Women,Great Britain & N.I.,16-Sep-88
"Pronkin, Valeriy",Men,Authorised Neutral Athlete,15-Jun-94
"Protsenko, Andriy",Men,Ukraine,20-May-88
"Pryshchepa, Nataliia",Women,Ukraine,11-Sep-94
"Przybylko, Mateusz",Men,Germany,09-Mar-92
"Ptácníková, Jirina",Women,Czech Republic,20-May-86
"Pudenz, Kristin",Women,Germany,09-Feb-93
Name,Sex,Country,Date of Birth
"Qieyang, Shijie",Women,Pr Of China,11-Nov-90
"Quaresma, Lecabela",Women,Portugal,26-Dec-89
"Quigley, Colleen",Women,United States,20-Nov-92
"Randhawa, Nauraj Singh",Men,Malaysia,27-Jan-92
"Rani, Annu",Women,India,28-Aug-92
"Ratej, Martina",Women,Slovenia,02-Nov-81
"Rebrik, Vera",Women,Authorised Neutral Athlete,25-Feb-89
"Reese, Brittney",Women,United States,09-Sep-86
"Regasa, Chala",Men,Ethiopia,30-Apr-97
"Reh, Alina",Women,Germany,23-May-97
"Reheda, Serhii",Men,Ukraine,06-Feb-94
"Rengeruk, Lilian Kasait",Women,Kenya,03-May-97
"Renzhina, Ekaterina",Women,Russia,18-Oct-94
"Rew, Quentin",Men,New Zealand,16-Jul-84
"Rhodes-Johnigan, Annie",Women,United States,13-May-95
"Richards, Jereem",Men,Trinidad And Tobago,13-Jan-94
"Richards, O'Dayne",Men,Jamaica,14-Dec-88
"Ricketts, Shanieka",Women,Jamaica,02-Feb-92
"Riddick, Monique",Women,United States,08-Nov-89
"Riley, Andrew",Men,Jamaica,06-Sep-88
"Ringer, Richard",Men,Germany,27-Feb-89
"Rionoripo, Purity Cherotich",Women,Kenya,10-Jun-93
"Rivasz-Tóth, Norbert",Men,Hungary,06-May-96
"Rivera, Edgar",Men,Mexico,13-Feb-91
"Robert-Michon, Mélina",Women,France,18-Jul-79
"Roberts, Gil",Men,United States,15-Mar-89
"Roberts, Kelsey-Lee",Women,Australia,20-Sep-91
"Roberts, Kurt",Men,United States,20-Feb-88
"Robertson, Jake",Men,New Zealand,14-Nov-89
"Robertson, Ricky",Men,United States,19-Sep-90
"Robinson, Byron",Men,United States,10-May-95
"Robinson, Jeron",Men,United States,30-Apr-91
"Rodgers, Michael",Men,United States,24-Apr-85
"Rodrigues, Irina",Women,Portugal,05-Feb-91
"Rodríguez, Yorgelis",Women,Cuba,25-Jan-95
"Roe, Martin",Men,Norway,01-Apr-92
"Roesler, Laura",Women,United States,19-Dec-91
"Rogers, Raevyn",Women,United States,07-Sep-96
"Röhler, Thomas",Men,Germany,30-Sep-91
"Rojas, Yulimar",Women,Venezuela,21-Oct-95
"Rolnin, Basile",Men,France,21-Jan-94
"Romani, Darlan",Men,Brazil,09-Apr-91
"Rono, Vincent Kipsang",Men,Kenya,22-Dec-90
"Roos, Fanny",Women,Sweden,02-Jan-95
"Rop, Albert",Men,Bahrain,17-Jul-92
"Rosolová, Denisa",Women,Czech Republic,21-Aug-86
"Ross, Kortney",Women,United States,26-Jul-92
"Rotaru, Alina",Women,Romania,05-Jun-93
"Rotich, Ferguson Cheruiyot",Men,Kenya,30-Nov-89
"Rotich, Joan Kipkemoi",Women,Kenya,27-Nov-93
"Rotich, Lucas Kimeli",Men,Kenya,16-Apr-90
"Rotich, Naomi Jebet",Women,Kenya,1994
"Roto, Thando",Men,South Africa,26-Sep-95
"Rowbury, Shannon",Women,United States,19-Sep-84
"Ruckstuhl, Géraldine",Women,Switzerland,24-Feb-98
"Rudisha, David",Men,Kenya,17-Dec-88
"Rüh, Anna",Women,Germany,17-Jun-93
"Ruiz, Flor",Women,Colombia,29-Jan-91
"Ruiz, Úrsula",Women,Spain,11-Aug-83
"Rungaru, James Gitahi",Men,Kenya,14-Jan-93
"Russell, De'Jour",Men,Jamaica,01-Apr-00
"Russell, Janieve",Women,Jamaica,14-Nov-93
"Rutherford, Greg",Men,Great Britain & N.I.,17-Nov-86
"Rutto, Cyrus",Men,Kenya,21-Apr-92
"Rypakova, Olga",Women,Kazakhstan,30-Nov-84
"Ryzih, Lisa",Women,Germany,27-Sep-88
"Šadeiko, Grit",Women,Estonia,29-Jul-89
"Sado, Besu",Women,Ethiopia,12-Jan-96
"Šafránková, Katerina",Women,Czech Republic,08-Jun-89
"Sagnia, Khaddi",Women,Sweden,20-Apr-94
"Saito, Marina",Women,Japan,15-Oct-95
"Salman-Rath, Claudia",Women,Germany,25-Apr-86
"Samaai, Ruswahl",Men,South Africa,25-Sep-91
"Samba, Abderrahman",Men,Qatar,05-Sep-95
"Sambu, Stephen",Men,Kenya,07-Jul-88
"Samuelsson, Fredrik",Men,Sweden,16-Feb-95
"Santos, Juander",Men,Dominican Republic,07-May-95
"Santos, Rosângela",Women,Brazil,20-Dec-90
"Saruni, Michael",Men,Kenya,18-Jun-95
"Sauceda, Jessamyn",Women,Mexico,22-May-89
"Saunders, Raven",Women,United States,15-May-96
"Saunders, Shakeelah",Women,United States,18-Dec-93
"Saxer, Mary",Women,United States,21-Jun-87
"Schäfer, Carolin",Women,Germany,05-Dec-91
"Schippers, Dafne",Women,Netherlands,15-Jun-92
"Schlumpf, Fabienne",Women,Switzerland,17-Nov-90
"Schuurmans, Jared",Men,United States,20-Aug-87
"Scott, Dominique",Women,South Africa,24-Jun-92
"Scott, Donald",Men,United States,23-Feb-92
"Sebei, Hassanine",Men,Tunisia,21-Jan-84
"Seboka, Tafese",Men,Ethiopia,29-Sep-93
"Seifert, Bernhard",Men,Germany,15-Feb-93
"Selmon, Kenneth",Men,United States,27-Aug-96
"Semenova, Natalia",Women,Ukraine,07-Jul-82
"Semenya, Caster",Women,South Africa,07-Jan-91
"Sendriute, Zinaida",Women,Lithuania,20-Dec-84
"Seyaum, Dawit",Women,Ethiopia,27-Jul-96
"Shamotina, Al'ona",Women,Ukraine,27-Dec-95
"Shange, Lebogang",Men,South Africa,01-Aug-90
"Sharp, Lynsey",Women,Great Britain & N.I.,11-Jul-90
"Sharypov, Sergey",Men,Russia,14-Apr-92
"Shayunou, Yury",Men,Belarus,22-Oct-87
"Shemsu, Sofiya",Women,Ethiopia,12-Sep-94
"Shi, Yuhao",Men,Pr Of China,26-Sep-98
"Shigetomo, Risa",Women,Japan,29-Aug-87
"Shirobokov, Sergei",Men,Authorised Neutral Athlete,11-Feb-99
"Shitara, Yuta",Men,Japan,18-Dec-91
"Shkolina, Svetlana",Women,Russia,09-Mar-86
"Shkurenev, Ilya",Men,Authorised Neutral Athlete,11-Jan-91
"Shubenkov, Sergey",Men,Authorised Neutral Athlete,04-Oct-90
"Shukh, Alina",Women,Ukraine,12-Feb-99
"Sidi Madane, Fadwa",Women,Morocco,20-Nov-94
"Sidorova, Anzhelika",Women,Authorised Neutral Athlete,28-Jun-91
"Sigueni, Hicham",Men,Morocco,30-Jan-93
"Silva, Talles Frederico",Men,Brazil,20-Aug-91
"Silva, Yarisley",Women,Cuba,01-Jun-87
"Simbine, Akani",Men,South Africa,21-Sep-93
"Simotwo, Charles Cheboi",Men,Kenya,06-May-95
"Simpson, Jennifer",Women,United States,23-Aug-86
"Singh, Davinder",Men,India,18-Dec-88
"Sintnicolaas, Eelco",Men,Netherlands,07-Apr-87
"Sisson, Emily",Women,United States,12-Oct-91
"Sitonik, William Malel",Men,Kenya,01-Mar-94
"Skeen, Odean",Men,Jamaica,28-Aug-94
"Skoog, Sofie",Women,Sweden,07-Jun-90
"Skydan, Hanna",Women,Azerbaijan,14-May-92
"Smikle, Traves",Men,Jamaica,07-May-92
"Smith, Brittany",Women,United States,25-Mar-91
"Smith, Tyrone",Men,Bermuda,07-Aug-84
"Soares, Nubia",Women,Brazil,26-Mar-96
"Soget, Justus",Men,Kenya,22-Oct-99
"Soi, Edwin Cheruiyot",Men,Kenya,03-Mar-86
"Sokirskiy, Aleksey",Men,Authorised Neutral Athlete,16-Mar-85
"Sokolova, Yelena",Women,Russia,23-Jul-86
"Sokolovs, Igors",Men,Latvia,17-Aug-74
"Solomon, Shalonda",Women,United States,19-Dec-85
"Sorokin, Dmitriy",Men,Russia,27-Sep-92
"Souleiman, Ayanleh",Men,Djibouti,03-Dec-92
"Sow, Rougui",Women,France,07-Jun-95
"Sowinski, Erik",Men,United States,21-Dec-89
"Španović, Ivana",Women,Serbia,10-May-90
"Spencer, Ashley",Women,United States,08-Jun-93
"Spencer, Kaliese",Women,Jamaica,06-May-87
"Spencer, Levern",Women,Saint Lucia,23-Jun-84
"Spiegelburg, Silke",Women,Germany,17-Mar-86
"Špotáková, Barbora",Women,Czech Republic,30-Jun-81
"Sprunger, Léa",Women,Switzerland,05-Mar-90
"St Fort, Khalifa",Women,Trinidad And Tobago,13-Feb-98
"Stafford, Gabriela",Women,Canada,13-Sep-95
"Ståhl, Daniel",Men,Sweden,27-Aug-92
"Staněk, Tomáš",Men,Czech Republic,13-Jun-91
"Stefanidi, Katerina",Women,Greece,04-Feb-90
"Stepter, Jaide",Women,United States,25-Sep-94
"Stevens, Dani",Women,Australia,26-May-88
"Stevens, Deajah",Women,United States,19-May-95
"Stevens, Jeneva",Women,United States,28-Oct-89
"Stigler, Michael",Men,United States,04-May-92
"Storl, David",Men,Germany,27-Jul-90
"Storm, Ida",Women,Sweden,11-Oct-91
"Stowers, Jasmin",Women,United States,23-Sep-91
"Strati, Laura",Women,Italy,03-Oct-90
"Stratton, Brooke",Women,Australia,12-Jul-93
"Štrobinders, Rolands",Men,Latvia,14-Apr-92
"Stuart, Bianca",Women,Bahamas,17-May-88
"Su, Bingtian",Men,Pr Of China,29-Aug-89
"Su, Xinyue",Women,Pr Of China,08-Nov-91
"Suárez, Leonel",Men,Cuba,01-Sep-87
"Suhr, Jennifer",Women,United States,05-Feb-82
"Sum, Eunice Jepkoech",Women,Kenya,10-Apr-88
"Sumgong, Jemima Jelagat",Women,Kenya,21-Dec-84
"Sun, Song",Men,Pr Of China,15-Dec-96
"Surdu, Dimitriana",Women,Moldova,12-Apr-94
"Suzuki, Ayuko",Women,Japan,08-Oct-91
"Święty-Ersetic, Justyna",Women,Poland,03-Dec-92
"Sýkora, Jirí",Men,Czech Republic,20-Jan-95
"Szyszkowski, Jakub",Men,Poland,21-Aug-91
"Ta Lou, Marie-Josée",Women,Cote D'ivoire,18-Nov-88
"Tabashnyk, Kateryna",Women,Ukraine,15-Jun-94
"Tabti, Bilal",Men,Algeria,07-Jun-93
"Takahashi, Eiki",Men,Japan,19-Nov-92
"Takashima, Yuka",Women,Japan,12-May-88
"Talam, Festus",Men,Kenya,20-Oct-94
"Talay, Alina",Women,Belarus,14-May-89
"Talbot, Daniel",Men,Great Britain & N.I.,01-May-91
"Tamberi, Gianmarco",Men,Italy,01-Jun-92
"Tanui, Josphat Kimutai",Men,Kenya,04-Feb-94
"Tanui, Paul Kipngetich",Men,Kenya,22-Dec-90
"Tapper, Megan",Women,Jamaica,18-Mar-94
"Tarbei, Philip Kibungei",Men,Kenya,13-Feb-94
"Tarbei, Willy Kiplimo",Men,Kenya,30-May-98
"Tate, Cassandra",Women,United States,11-Sep-90
"Tavernier, Alexandra",Women,France,13-Dec-93
"Taylor, Christian",Men,United States,18-Jun-90
"Tefera, Samuel",Men,Ethiopia,23-Oct-99
"Teferi, Senbere",Women,Ethiopia,03-May-95
"Teles, Marcio",Men,Brazil,27-Jan-94
"Tentoglou, Miltiadis",Men,Greece,18-Mar-98
"Tesfaye, Homiyu",Men,Germany,23-Jun-93
"Thebe, Baboloki",Men,Botswana,18-Mar-97
"Thiam, Nafissatou",Women,Belgium,19-Aug-94
"Thomas, Donald",Men,Bahamas,01-Jul-84
"Thomas, Gabrielle",Women,United States,07-Dec-96
"Thomas, Lanae-Tava",Women,United States,28-Jan-01
"Thomas, Mikel",Men,Trinidad And Tobago,23-Nov-87
"Thomas-Dodd, Danniel",Women,Jamaica,11-Nov-92
"Thompson, Elaine",Women,Jamaica,28-Jun-92
"Thompson, Yanique",Women,Jamaica,12-Mar-96
"Thweatt, Laura",Women,United States,17-Dec-88
"Tibedu, Hirut",Women,Ethiopia,13-Dec-94
"Tiernan, Patrick",Men,Australia,11-Sep-94
"Tindouft, Mohamed",Men,Morocco,12-Mar-93
"Tinsley, Michael",Men,United States,21-Apr-84
"Tirop, Agnes Jebet",Women,Kenya,23-Oct-95
"Titi, Ncincihli",Men,South Africa,15-Dec-93
"Todd, Jasmine",Women,United States,23-Dec-93
"Tola, Tamirat",Men,Ethiopia,11-Aug-91
"Tollesa, Gulume",Women,Ethiopia,11-Sep-92
"Tolosa, Taresa",Men,Ethiopia,15-Jun-98
"Tomaševic, Dragana",Women,Serbia,04-Jun-82
"Tonnesen, Pau",Men,Spain,24-Oct-92
"Tornéus, Michel",Men,Sweden,26-May-86
"Toroitich, Timothy",Men,Uganda,10-Oct-91
"Torrence, David",Men,Peru,26-Nov-85
"Torrijos, Pablo",Men,Spain,12-May-92
"Tracey, Nikita",Women,Jamaica,18-Sep-90
"Tracey, Ristananna",Women,Jamaica,09-May-92
"Trajkovic, Milan",Men,Cyprus,17-Mar-92
"Treasure, Alyxandria",Women,Canada,15-May-92
"Trost, Alessia",Women,Italy,08-Mar-93
"True, Ben",Men,United States,29-Dec-85
"Tsareva, Elizaveta",Women,Russia,26-Mar-93
"Tsegay, Gudaf",Women,Ethiopia,23-Jan-97
"Tuei, Sandrafelis Chebet",Women,Kenya,20-Jan-98
"Tufa, Tigist",Women,Ethiopia,26-Jan-87
"Tuğsuz, Eda",Women,Turkey,27-Mar-97
"Tuka, Amel",Men,Bosnia-Herzegovina,09-Jan-91
"Tusa, Rahma",Women,Ethiopia,14-Sep-93
Name,Sex,Country,Date of Birth
"Ugen, Lorraine",Women,Great Britain & N.I.,22-Aug-91
"Ujah, Chijindu",Men,Great Britain & N.I.,05-Mar-94
"Ukhov, Ivan",Men,Russia,29-Mar-86
"Uloga, Svetlana",Women,Russia,23-Nov-86
"Urbanek, Robert",Men,Poland,29-Apr-87
"Ureña, Jorge",Men,Spain,08-Oct-93
"Vadlejch, Jakub",Men,Czech Republic,10-Oct-90
"Vadlejch, Lucia",Women,Slovak Republic,08-Nov-88
"Valles, Adrián",Men,Spain,16-Mar-95
"Verstegen-Wolters, Sanne",Women,Netherlands,10-Nov-85
"Vetter, Anouk",Women,Netherlands,04-Feb-93
"Vetter, Johannes",Men,Germany,26-Mar-93
"Vicaut, Jimmy",Men,France,27-Feb-92
"Victor, Lindon",Men,Grenada,23-Feb-93
"Vieira, João",Men,Portugal,20-Feb-76
"Viljoen, Sunette",Women,South Africa,06-Oct-83
"Visser, Nadine",Women,Netherlands,09-Feb-95
"Visser, Zarck",Men,South Africa,15-Sep-89
"Vita, Claudine",Women,Germany,19-Sep-96
"Vloon, Menno",Men,Netherlands,11-May-94
"Vu, Thi Mon",Women,Vietnam,10-Jul-90
"van Niekerk, Wayde",Men,South Africa,15-Jul-92
"van Rooyen, Rocco",Men,South Africa,23-Dec-92
"Walcott, Keshorn",Men,Trinidad And Tobago,02-Apr-93
"Wale, Getnet",Men,Ethiopia,16-Jul-00
"Wallace, Sasha",Women,United States,21-Sep-95
"Walsh, Tomas",Men,New Zealand,01-Mar-92
"Walters, Ruebin",Men,Trinidad And Tobago,02-Apr-95
"Walton, Jamal",Men,Cayman Islands,25-Nov-98
"Wambui, Margaret Nyairera",Women,Kenya,15-Sep-95
"Wang, Jianan",Men,Pr Of China,27-Aug-96
"Wang, Kaihua",Men,Pr Of China,16-Feb-94
"Wang, Na",Women,Pr Of China,29-May-95
"Wang, Rui",Men,Pr Of China,06-Jan-96
"Wang, Shizhu",Men,Pr Of China,20-Feb-89
"Wang, Yingliu",Women,Pr Of China,01-Mar-92
"Wang, Yu",Men,Pr Of China,18-Aug-91
"Wang, Zheng",Women,Pr Of China,14-Dec-87
"Wanjiru, Daniel Kinyua",Men,Kenya,26-May-92
"Wanjiru, Veronica Nyaruai",Women,Kenya,29-Oct-89
"Warholm, Karsten",Men,Norway,28-Feb-96
"Warner, Damian",Men,Canada,04-Nov-89
"Washington, Ariana",Women,United States,27-Aug-96
"Wasihun, Mule",Men,Ethiopia,20-Oct-93
"Watson, Sage",Women,Canada,20-Jun-94
"Webb, Ameer",Men,United States,19-Mar-91
"Weber, Julian",Men,Germany,29-Aug-94
"Weightman, Laura",Women,Great Britain & N.I.,01-Jul-91
"Weightman, Lisa",Women,Australia,16-Jan-79
"Weir, Jillian",Women,Canada,09-Feb-93
"Weir, Warren",Men,Jamaica,21-Oct-89
"Weisshaidinger, Lukas",Men,Austria,20-Feb-92
"Wendrich, Falk",Men,Germany,12-Jun-95
"Wester, Alexandra",Women,Germany,21-Mar-94
"Whiting, Ryan",Men,United States,24-Nov-86
"Whyte, Rhonda",Women,Jamaica,06-Nov-90
"Wieland, Luca",Men,Germany,02-Feb-94
"Wierig, Martin",Men,Germany,10-Jun-87
"Wightman, Jake",Men,Great Britain & N.I.,11-Jul-94
"Williams, Brian",Men,United States,18-Dec-94
"Williams, Christania",Women,Jamaica,17-Oct-94
"Williams, Danielle",Women,Jamaica,14-Sep-92
"Williams, Devon",Men,United States,17-Jan-94
"Williams, Kendell",Women,United States,14-Jun-95
"Williams, Kimberly",Women,Jamaica,03-Nov-88
"Williams, Shimayra Crystal",Women,Jamaica,02-Dec-95
"Williams-Mills, Novlene",Women,Jamaica,26-Apr-82
"Wilson, Ajee",Women,United States,08-May-94
"Wilson, Nickiesha",Women,Jamaica,28-Jul-86
"Wimbley, Shakima",Women,United States,23-Apr-95
"Windle, Drew",Men,United States,22-Jul-92
"Winger, Kara",Women,United States,10-Apr-86
"Witek, Marcelina",Women,Poland,02-Jun-95
"Włodarczyk, Anita",Women,Poland,08-Aug-85
"Wojciechowski, Paweł",Men,Poland,06-Jun-89
"Wolde, Dawit",Men,Ethiopia,19-May-91
"Woo, Sanghyeok",Men,Korea,23-Apr-96
"Woodard, Jessica",Women,United States,04-Feb-95
"Wote, Aman",Men,Ethiopia,18-Apr-84
"Wrobel, David",Men,Germany,13-Feb-91
"Wu, Qianlong",Men,Pr Of China,30-Jan-90
"Wu, Ruiting",Men,Pr Of China,29-Nov-95
"Wyatt, Audie",Men,United States,30-Apr-96
"Xie, Wenjun",Men,Pr Of China,11-Jul-90
"Xie, Zhenye",Men,Pr Of China,17-Aug-93
"Xue, Changrui",Men,Pr Of China,31-May-91
"Yakushev, Maksim",Men,Russia,15-Mar-92
"Yamagata, Ryota",Men,Japan,10-Jun-92
"Yamamoto, Seito",Men,Japan,11-Mar-92
"Yamanishi, Toshikazu",Men,Japan,15-Feb-96
"Yánez, Eure",Men,Venezuela,20-Jun-93
"Yang, Jiayu",Women,Pr Of China,18-Feb-96
"Yang, Peili",Women,Pr Of China,07-Aug-94
"Yao, Jie",Men,Pr Of China,21-Sep-90
"Yarigo, Noélie",Women,Benin,26-Dec-85
"Yavi, Winfred Mutile",Women,Bahrain,31-Dec-99
"Yego, Julius",Men,Kenya,04-Jan-89
"Yego, Solomon Kirwa",Men,Kenya,10-May-87
"Yegon, Geoffrey",Men,Kenya,28-Aug-88
"Yimer, Jemal",Men,Ethiopia,11-Sep-96
"Young, Isiah",Men,United States,05-Jan-90
"Zaldívar, Liuba M.",Women,Cuba,05-Apr-93
"Zango, Hugues Fabrice",Men,Burkina Faso,25-Jun-93
"Zemlyak, Olha",Women,Ukraine,16-Jan-90
"Zhang, Guowei",Men,Pr Of China,04-Jun-91
"Zhang, Li",Women,Pr Of China,17-Jan-89
"Zhang, Wenxiu",Women,Pr Of China,22-Mar-86
"Zhang, Yaoguang",Men,Pr Of China,21-Jun-93
"Zhu, Yaming",Men,Pr Of China,04-May-94
"Zhuk, Iryna",Women,Belarus,26-Jan-93
"Ziani, Mohamed",Men,Morocco,1993
"Ziemek, Zachery",Men,United States,23-Feb-93
"Žunic, Stipe",Men,Croatia,13-Dec-90
